{
  "report_date": "2025-10-16T15:16:21.359137",
  "statistics": {
    "total_time_seconds": 829.9670000000001,
    "total_time_hours": 0.23054638888888893,
    "active_time_seconds": 829.9670000000001,
    "active_time_hours": 0.23054638888888893,
    "afk_time_seconds": 0,
    "afk_time_hours": 0.0,
    "app_breakdown": {
      "Cursor": 643.783,
      "Google Chrome": 135.529,
      "Claude": 39.555,
      "Terminal": 11.100000000000001
    },
    "top_apps": [
      [
        "Cursor",
        643.783
      ],
      [
        "Google Chrome",
        135.529
      ],
      [
        "Claude",
        39.555
      ],
      [
        "Terminal",
        11.100000000000001
      ]
    ],
    "active_percentage": 100.0,
    "num_events": 37
  }
}